c_848,c_736
c_843,c_840
c_934,c_422
c_22,c_923
c_397,c_36
c_453,c_529
c_805,c_442
c_243,c_954
c_602,c_478
c_92,c_898
c_841,c_10
c_507,c_53
c_845,c_800
c_212,c_601
c_707,c_23
c_624,c_285
c_971,c_504
c_4,c_304
c_772,c_792
c_413,c_181
c_790,c_477
c_199,c_160
c_115,c_259
c_424,c_770
c_174,c_952
c_657,c_817
c_790,c_483
c_873,c_420
c_343,c_940
c_687,c_426
c_573,c_864
c_544,c_911
c_142,c_53
c_585,c_120
c_818,c_557
c_654,c_74
c_614,c_467
c_588,c_154
c_771,c_446
c_570,c_331
c_395,c_883
c_975,c_896
c_769,c_44
c_450,c_338
c_806,c_491
c_942,c_203
c_921,c_934
c_136,c_502
c_195,c_208
c_659,c_259
c_144,c_972
c_627,c_219
c_539,c_362
c_914,c_81
c_968,c_978
c_37,c_590
c_261,c_916
c_620,c_785
c_806,c_263
c_367,c_686
c_849,c_5
c_339,c_476
c_409,c_487
c_453,c_285
c_336,c_490
c_288,c_290
c_454,c_189
c_229,c_685
c_418,c_33
c_639,c_300
c_985,c_594
c_620,c_324
c_615,c_50
c_205,c_269
c_402,c_341
c_339,c_789
c_522,c_76
c_294,c_636
c_992,c_616
c_19,c_123
c_631,c_242
c_817,c_374
c_277,c_958
c_939,c_57
c_941,c_645
c_819,c_569
c_870,c_635
c_431,c_605
c_138,c_771
c_372,c_646
c_412,c_405
c_796,c_967
c_869,c_188
c_826,c_813
c_482,c_179
c_600,c_14
c_368,c_420
c_0,c_642
c_208,c_348
c_139,c_923
